,X_diff,Y_diff
Minimum,-1.1630859375,-4.296875
Maximum,8.5859375,5.40234375
Average,3.40625,1.8798828125
Std.,2.421875,2.390625
RMSE,4.2265625,3.076171875
